{
  "aa_passed": true,
  "append_batch_aa_key_mismatch": 0,
  "append_batch_aa_value_mismatch": 0,
  "append_key_mismatch": 0,
  "append_value_mismatch": 0,
  "attn_batch_aa_delta": {
    "index": [
      0,
      0,
      0
    ],
    "lhs": -0.010590512305498123,
    "max_abs": 0.0,
    "rhs": -0.010590512305498123
  },
  "attn_batch_aa_max_abs": 0.0,
  "attn_batch_vs_c1_delta": {
    "index": [
      0,
      0,
      0
    ],
    "lhs": -0.010590512305498123,
    "max_abs": 0.0,
    "rhs": -0.010590512305498123
  },
  "attn_batch_vs_c1_max_abs": 0.0,
  "attn_batch_vs_dense_c1_delta": {
    "index": [
      3,
      9,
      234
    ],
    "lhs": -0.023633984848856926,
    "max_abs": 1.862645149230957e-08,
    "rhs": -0.02363400347530842
  },
  "attn_batch_vs_dense_c1_max_abs": 1.862645149230957e-08,
  "attn_batch_vs_numpy_delta": {
    "index": [
      1,
      3,
      234
    ],
    "lhs": 0.02421853505074978,
    "max_abs": 1.862645149230957e-08,
    "rhs": 0.024218516424298286
  },
  "attn_batch_vs_numpy_max_abs": 1.862645149230957e-08,
  "attn_dense_c1_vs_numpy_delta": {
    "index": [
      0,
      2,
      75
    ],
    "lhs": 0.027775820344686508,
    "max_abs": 2.0489096641540527e-08,
    "rhs": 0.027775799855589867
  },
  "attn_dense_c1_vs_numpy_max_abs": 2.0489096641540527e-08,
  "attn_paged_c1_vs_dense_c1_delta": {
    "index": [
      3,
      9,
      234
    ],
    "lhs": -0.023633984848856926,
    "max_abs": 1.862645149230957e-08,
    "rhs": -0.02363400347530842
  },
  "attn_paged_c1_vs_dense_c1_max_abs": 1.862645149230957e-08,
  "block_size": 256,
  "context_lens": [
    512,
    513,
    514,
    515
  ],
  "device": {
    "current_device": 0,
    "device_name": "AMD Radeon RX 7900 XTX",
    "env": {
      "HIP_VISIBLE_DEVICES": "1"
    },
    "hipDeviceGetName_error": 0,
    "hipGetDeviceCount_error": 0,
    "hipGetDevice_error": 0,
    "visible_device_count": 1
  },
  "head_dim": 256,
  "label": "primitive_c4_realshape_dense",
  "max_context_len": 640,
  "num_kv_heads": 2,
  "num_q_heads": 16,
  "passed": true,
  "phase": "primitive",
  "raw_removed_after_compaction": true,
  "raw_sha256": "333881b545b2840f4af631602603588edbbc59fa3b5fc8dab0250531f59e7d8e",
  "raw_size_bytes": 2153,
  "raw_source_path": "/tmp/hipengine-iter243-primitive-c4-realshape-dense.json",
  "repeat": 1,
  "rows": 4,
  "schema": 1,
  "seed": 1234,
  "variant": "c4_realshape_context_parity"
}
