{
  "kind": "concurrency_decode_throughput_sweep",
  "created_at": "2026-06-13T05:17:11.215040+00:00",
  "performance_claim": false,
  "retained_ready": false,
  "host": "AMD Radeon Pro W7900 (gfx1100/RDNA3) via HIP_VISIBLE_DEVICES=0",
  "model": "Qwen3.6-35B-A3B-PARO-full4096-e5-packed-MTP-BF16",
  "shape": {
    "prompt_length": 512,
    "decode_tokens": 128,
    "warmup_decode_tokens": 8,
    "max_layers": 40,
    "reps": 3,
    "kv_storage_dtype": "bf16"
  },
  "methodology": {
    "c1": "scripts/qwen35_paro_bench.py --graph-replay-decode -> throughput.warmed_decode_tok_s",
    "cN": "scripts/qwen35_batch_retained_bench.py --batch-size N -> measurements.decode_tok_s_{aggregate,per_request}",
    "aggregate_across_runs": "median"
  },
  "rows": {
    "1": {
      "concurrency": 1,
      "decode_tok_s_aggregate_median": 116.67793809358791,
      "decode_tok_s_per_request_median": 116.67793809358791,
      "decode_tok_s_aggregate_runs": [
        116.89266354688483,
        116.67793809358791,
        116.33989000588686
      ],
      "decode_tok_s_per_request_runs": [
        116.89266354688483,
        116.67793809358791,
        116.33989000588686
      ],
      "path": "paro_bench_graph_replay"
    },
    "2": {
      "concurrency": 2,
      "decode_tok_s_aggregate_median": 113.45155750420572,
      "decode_tok_s_per_request_median": 56.72577875210286,
      "decode_tok_s_aggregate_runs": [
        112.84316758810328,
        113.56697667316382,
        113.45155750420572
      ],
      "decode_tok_s_per_request_runs": [
        56.42158379405164,
        56.78348833658191,
        56.72577875210286
      ],
      "path": "retained_native_batch"
    },
    "4": {
      "concurrency": 4,
      "decode_tok_s_aggregate_median": 156.02550259522482,
      "decode_tok_s_per_request_median": 39.006375648806205,
      "decode_tok_s_aggregate_runs": [
        157.76025750733484,
        156.02550259522482,
        155.69097583946285
      ],
      "decode_tok_s_per_request_runs": [
        39.44006437683371,
        39.006375648806205,
        38.92274395986571
      ],
      "path": "retained_native_batch"
    },
    "8": {
      "concurrency": 8,
      "decode_tok_s_aggregate_median": 188.69000265309452,
      "decode_tok_s_per_request_median": 23.586250331636816,
      "decode_tok_s_aggregate_runs": [
        189.19539690097895,
        188.69000265309452,
        187.79848956585684
      ],
      "decode_tok_s_per_request_runs": [
        23.64942461262237,
        23.586250331636816,
        23.474811195732105
      ],
      "path": "retained_native_batch"
    }
  },
  "commands": {
    "sweep": "HIP_VISIBLE_DEVICES=0 PYTHONPATH=. python3 scripts/qwen35_concurrency_decode_sweep.py --model /models/hipengine/Qwen3.6-35B-A3B-PARO-full4096-e5-packed-MTP-BF16 --fixture /tmp/hipengine-prebench/fixtures/qwen36_paro_8x512_prompt_ids.json --compiler-version-file /tmp/hipengine-retained/hipcc-version.txt --prompt-length 512 --decode-tokens 128 --warmup-decode-tokens 8 --concurrencies 1,2,4,8 --reps 3 --work-dir /tmp/hipengine-concurrency-sweep-w7900-20260613 --json benchmarks/results/2026-06-13-hipengine-qwen35-concurrency-decode-latest-w7900/summary.json"
  }
}
