{
  "commands": {
    "benchmark": "python3 scripts/dflash_dense_microbench.py --compiler-version-file /tmp/hipengine-hipcc-version.txt --loops 20 --warmup 5 --hardware-gpu 'AMD Radeon Pro W7900' --json benchmarks/results/2026-05-23-hipengine-dflash-r3.3-w7900-dense-microbench.json"
  },
  "hardware": {
    "arch": "gfx1100",
    "backend": "hip_gfx1100",
    "gpu": "AMD Radeon Pro W7900"
  },
  "measurements": {
    "rows": [
      {
        "bytes": {
          "input": 65536,
          "output": 65536,
          "total_nominal": 8519680,
          "weight": 8388608
        },
        "effective_nominal_gb_s_mean": 46.81837430446534,
        "effective_tflops_mean": 0.7375694659657308,
        "effective_weight_gb_s_mean": 46.098091622858185,
        "flops": 134217728,
        "in_features": 2048,
        "kind": "bf16",
        "loops": 20,
        "max_ms": 0.21818297682330012,
        "mean_ms": 0.18197299941675738,
        "min_ms": 0.17014201148413122,
        "out_features": 2048,
        "rows": 16,
        "times_ms": [
          0.21818297682330012,
          0.18664301023818552,
          0.18622199422679842,
          0.18625298980623484,
          0.18623200594447553,
          0.20663300529122353,
          0.1810919784475118,
          0.181223003892228,
          0.20180299179628491,
          0.1714420213829726,
          0.170612009242177,
          0.171132996911183,
          0.1715219987090677,
          0.17014201148413122,
          0.17352300346828997,
          0.17094198847189546,
          0.17032198957167566,
          0.1713430101517588,
          0.19317198893986642,
          0.171023013535887
        ],
        "warmup": 5
      },
      {
        "bytes": {
          "input": 65536,
          "output": 131072,
          "total_nominal": 8585216,
          "weight": 8388608
        },
        "effective_nominal_gb_s_mean": 46.70992302669046,
        "effective_tflops_mean": 0.7302436821271914,
        "effective_weight_gb_s_mean": 45.64023013294946,
        "flops": 134217728,
        "in_features": 2048,
        "kind": "f32",
        "loops": 20,
        "max_ms": 0.21111301612108946,
        "mean_ms": 0.18379854736849666,
        "min_ms": 0.16810200759209692,
        "out_features": 2048,
        "rows": 16,
        "times_ms": [
          0.2048230089712888,
          0.20217298879288137,
          0.21111301612108946,
          0.18477201228961349,
          0.1854230067692697,
          0.204872980248183,
          0.1786520006135106,
          0.17757300520315766,
          0.19098198390565813,
          0.16953199519775808,
          0.16990298172459006,
          0.19442199845798314,
          0.1779629965312779,
          0.17723202472552657,
          0.17758298781700432,
          0.19421198521740735,
          0.168292986927554,
          0.16810200759209692,
          0.16925198724493384,
          0.1690929930191487
        ],
        "warmup": 5
      },
      {
        "bytes": {
          "input": 65536,
          "output": 196608,
          "total_nominal": 25427968,
          "weight": 25165824
        },
        "effective_nominal_gb_s_mean": 48.59388579234066,
        "effective_tflops_mean": 0.7694866863611882,
        "effective_weight_gb_s_mean": 48.09291789757426,
        "flops": 402653184,
        "in_features": 2048,
        "kind": "bf16",
        "loops": 20,
        "max_ms": 0.5720579938497394,
        "mean_ms": 0.5232750496361405,
        "min_ms": 0.4570460005197674,
        "out_features": 6144,
        "rows": 16,
        "times_ms": [
          0.500055990414694,
          0.4786660138051957,
          0.4570460005197674,
          0.4856669984292239,
          0.4901470092590898,
          0.46872597886249423,
          0.5291969864629209,
          0.5285670049488544,
          0.5292780115269125,
          0.5378169880714267,
          0.5706080119125545,
          0.5705069925170392,
          0.5720579938497394,
          0.5373670137487352,
          0.547698000445962,
          0.5457669903989881,
          0.5214870034251362,
          0.5332379951141775,
          0.5329970153979957,
          0.528606993611902
        ],
        "warmup": 5
      },
      {
        "bytes": {
          "input": 196608,
          "output": 65536,
          "total_nominal": 25427968,
          "weight": 25165824
        },
        "effective_nominal_gb_s_mean": 54.88282024073843,
        "effective_tflops_mean": 0.8690722875234458,
        "effective_weight_gb_s_mean": 54.31701797021536,
        "flops": 402653184,
        "in_features": 6144,
        "kind": "bf16",
        "loops": 20,
        "max_ms": 0.4996370116714388,
        "mean_ms": 0.46331379999173805,
        "min_ms": 0.3989349934272468,
        "out_features": 2048,
        "rows": 16,
        "times_ms": [
          0.47435599844902754,
          0.4212060011923313,
          0.3989349934272468,
          0.43744599679484963,
          0.4366959910839796,
          0.4101659869775176,
          0.4488560080062598,
          0.44841598719358444,
          0.4695259849540889,
          0.4508970014285296,
          0.49172600847668946,
          0.4996370116714388,
          0.475626002298668,
          0.4947870038449764,
          0.4939270147588104,
          0.46989601105451584,
          0.4945969849359244,
          0.494976993650198,
          0.471475999802351,
          0.4831270198337734
        ],
        "warmup": 5
      },
      {
        "bytes": {
          "input": 65536,
          "output": 16384,
          "total_nominal": 2179072,
          "weight": 2097152
        },
        "effective_nominal_gb_s_mean": 26.963174201639628,
        "effective_tflops_mean": 0.4151923365786312,
        "effective_weight_gb_s_mean": 25.94952103616445,
        "flops": 33554432,
        "in_features": 2048,
        "kind": "bf16",
        "loops": 20,
        "max_ms": 0.1180010149255395,
        "mean_ms": 0.08081659761955962,
        "min_ms": 0.06991098052822053,
        "out_features": 512,
        "rows": 16,
        "times_ms": [
          0.08047101437114179,
          0.07146102143451571,
          0.07263099541887641,
          0.07193099008873105,
          0.07037099567241967,
          0.07101098890416324,
          0.06991098052822053,
          0.070580979809165,
          0.07139099761843681,
          0.07141099194996059,
          0.1180010149255395,
          0.0962020130828023,
          0.0852310040500015,
          0.08456100476905704,
          0.08577099652029574,
          0.08576101390644908,
          0.0843909801915288,
          0.08475201320834458,
          0.08496097871102393,
          0.08553097723051906
        ],
        "warmup": 5
      },
      {
        "bytes": {
          "input": 65536,
          "output": 32768,
          "total_nominal": 2195456,
          "weight": 2097152
        },
        "effective_nominal_gb_s_mean": 26.3212263869296,
        "effective_tflops_mean": 0.40228262418232696,
        "effective_weight_gb_s_mean": 25.14266401139544,
        "flops": 33554432,
        "in_features": 2048,
        "kind": "f32",
        "loops": 20,
        "max_ms": 0.08947099559009075,
        "mean_ms": 0.08341009524883702,
        "min_ms": 0.08068099850788713,
        "out_features": 512,
        "rows": 16,
        "times_ms": [
          0.08354100282303989,
          0.08352097938768566,
          0.08407098357565701,
          0.08675098069943488,
          0.08947099559009075,
          0.0858719868119806,
          0.0830710050649941,
          0.08247100049629807,
          0.08427098509855568,
          0.08396100020036101,
          0.08113100193440914,
          0.08068099850788713,
          0.08203100878745317,
          0.08340200292877853,
          0.08254099520854652,
          0.08249099482782185,
          0.08288101525977254,
          0.08162099402397871,
          0.08186098420992494,
          0.0825609895400703
        ],